title,author,link,likes,collects,comments,views,content,publish_time,crawl_time
"长白山旅行：3天2夜人均2000元玩遍北国风光，这篇攻略太绝了！,旅行达人,https://example.com/1,15200,8900,2300,45000,"今天分享我的长白山3天2夜攻略，人均2000元就能玩遍北国风光！整体采用极简风格，行程安排合理，住宿性价比高。天池、瀑布、雾凇岛、滑雪场，每个景点都超美！",,2024-01-10,2026-01-17 10:00:00
"长白山天池最佳观赏时间，这几个时刻美到窒息,摄影爱好者,https://example.com/2,12500,7800,2100,38000,"去过长白山的姐妹都说：看到天池=赚到！今天分享天池最佳观赏时间和技巧，提高看到天池的概率。晴天早上8-10点，下午3-4点是最佳时间！",,2024-01-09,2026-01-17 10:00:00
"长白山滑雪新手指南，第一次也能优雅滑出S型,滑雪教练,https://example.com/3,9800,5900,1500,29000,"南方人第一次滑雪，长白山真的超适合！今天分享我的滑雪新手攻略，从零开始教！万达度假区新手友好，教练专业，坡度适中！",,2024-01-08,2026-01-17 10:00:00
"长白山雾凇岛，这个秘境让我以为闯入了童话世界,旅行博主,https://example.com/4,16800,10200,2800,52000,"长白山不止天池，这个秘境你一定要去！雾凇岛，一个名字就很美的地方。免费！人少景美！拍照巨出片！",,2024-01-07,2026-01-17 10:00:00
"长白山温泉攻略，在零下20度泡温泉是怎样的体验,温泉爱好者,https://example.com/5,13200,7900,2200,42000,"冬天去长白山一定要泡温泉！那种冰火两重天的体验，真的绝了！头发结冰了还在泡温泉，这种反差感太神奇了！",,2024-01-06,2026-01-17 10:00:00
"长白山住宿推荐，这5家酒店性价比超高,住宿达人,https://example.com/6,8600,5200,1400,25500,"长白山住宿怎么选？今天分享5家性价比超高的酒店，从经济型到豪华型都有！万达度假区、二道白河镇，每个地方都有推荐！",,2024-01-05,2026-01-17 10:00:00
"长白山穿搭攻略，这样穿保暖又好看,穿搭博主,https://example.com/7,11200,6800,1900,35000,"长白山冬天怎么穿？今天分享我的穿搭攻略，保暖又好看！羽绒服、防水靴、暖宝宝，每一样都是必备！",,2024-01-04,2026-01-17 10:00:00
"长白山美食推荐，这10道菜必吃,美食博主,https://example.com/8,7500,4600,1100,24000,"长白山有什么好吃的？今天分享10道必吃美食！东北菜、朝鲜族料理、山珍野味，每一样都超好吃！",,2024-01-03,2026-01-17 10:00:00
"长白山交通攻略，这样走最省钱,交通达人,https://example.com/9,8900,5400,1400,27000,"去长白山怎么走最省钱？今天分享我的交通攻略！飞机、火车、自驾，每种方式都有详细说明！",,2024-01-02,2026-01-17 10:00:00
"长白山拍照攻略，这10个机位超出片,摄影达人,https://example.com/10,14500,8700,2400,48000,"长白山怎么拍出大片？今天分享10个超出片的机位！天池、雾凇岛、滑雪场，每个地方都有最佳拍摄位置！",,2024-01-01,2026-01-17 10:00:00
"长白山避坑指南，这7个错误我花2年才明白,旅行避坑,https://example.com/11,10500,6300,1700,34000,"长白山旅行真的太容易踩坑了！今天总结7个最常见的错误，每一条都是血泪教训！提前订房、准备现金、看天气预报！",,2023-12-31,2026-01-17 10:00:00
"长白山预算攻略，5万装90平这样分配最合理,预算达人,https://example.com/12,9500,6200,1600,28000,"长白山旅行预算怎么分配？今天分享我的预算分配方案！住宿、交通、门票、餐饮，每个部分都有详细说明！",,2023-12-30,2026-01-17 10:00:00
"长白山季节攻略，什么时候去最好,季节达人,https://example.com/13,8200,4900,1300,26000,"长白山什么时候去最好？今天分享四季攻略！春夏秋冬，每个季节都有不同的美！",,2023-12-29,2026-01-17 10:00:00
"长白山装备清单，这15样东西必带,装备达人,https://example.com/14,7800,4500,1200,25000,"去长白山要带什么？今天分享我的装备清单！羽绒服、防水靴、暖宝宝，每一样都是必备！",,2023-12-28,2026-01-17 10:00:00
"长白山攻略总结，这20条建议超实用,攻略总结,https://example.com/15,11200,6800,1900,35000,"长白山旅行攻略总结，这20条建议超实用！从行程安排到注意事项，每一条都是亲身实践总结出来的！",,2023-12-27,2026-01-17 10:00:00
